Date,24. Oktober 2021,29. Oktober 2021,1. November 2021,8. November 2021,15. November 2021,22. November 2021,29. November 2021,1. December 2021,8. December 2021,15. December 2021,22. December 2021,29. December 2021,1. Januar 2022,8. Januar 2022,15. Januar 2022,22. Januar 2022,29. Januar 2022,1. Februar 2022,8. Februar 2022,15. Februar 2022,22. Februar 2022
richtige hygiene schützt,0.09486444608123244,0.01842472956731084,0.059333672196724696,0.04496842612420603,0.0864202104118298,0.09618313133134639,0.0287009067394181,0.08987375012968046,0.028573438304291283,0.032760390234210277,0.0880345789361428,0.038879200882017774,0.02654369655689519,0.07775840176403553,0.06136341394412079,0.024513954809499108,0.01842472956731084,0.004059483494792178,0,0,0
breiten auswahl,0.1801842838991703,0.03954014934056618,0.07437964182014155,0.2781260130428221,0.32465245799531584,0.49364409062758013,0.03954014934056618,0.3448394806112498,0.2323613608073419,0.16277731371687698,0.4469309053611428,0.22617720845308353,0.23155183014102373,0.25238944724221224,0.194276110541229,0.5154116989033887,0.0931870726105574,0.07908029868113237,0,0,0
spare,0.8360091908569433,0.0747829599970786,0.23587981121432983,0.6423408014287955,0.7228273322672079,0.5083133868469841,0.06884630418143409,1.2278499975903105,0.5474806799120824,0.31397138054601675,0.36084914039930355,0.17335584282435357,0.5095091074869733,0.5151764980580917,0.37049730147971444,0.39929201691993293,0.1354020318598724,0.3268220267150819,0,0,0
stores limited,0.2843083710756452,0.019585139214836948,0.24835757760340743,0.31135080490512707,1.4624078168279249,1.1050130274161958,0.019585139214836948,0.3261002166334225,0.7172126022241643,0.08321019015909711,1.0885265036479685,0.19505838752155696,0.46985237073686076,0.3097678390857452,0.27355718634975323,0.39962625026526843,0.0695876883819618,0.039170278429673897,0,0,0
laut horoskop,0.2503684359941417,0.02415430726858902,0.3883576615963018,0.5112695766425839,0.48401943378514267,0.6408356748230545,0.03401814220009834,0.5393581964572407,0.3287670007405479,0.11071506170064375,0.17402216424288183,0.15776816182368647,0.30542631981888557,0.9018434230328329,0.2106657760976141,0.31874554783721953,0.00038491587236497924,0.18478490536906544,0,0,0
thema sex sexstellungen,0.17737685058409935,0.027266329204296513,0.39217400271168146,0.17500291901529103,0.22817415102460603,0.13822007395560326,0.027266329204296513,1.0275565679924108,0.1943063216021078,0.12325884306533991,0.40278079115198734,0.08559658543939526,0.2659440692419887,0.5641733294458644,0.4115627700829201,0.27702400121350007,0.07351197642865541,0.054532658408593025,0,0,0
mango,0.04120413523539568,0.1300950967496169,0.06977529907125822,0.32381792266932224,0.3301293423358296,0.3719283472421395,0.03874456518394107,0.8795425569477224,0.3238179226693223,0.11623369555182322,0.25517552546956934,0.07994870041933674,0.2625136697574544,0.27244038608584803,0.18503995813593044,0.14234528933623114,0.023652023732953328,0.1325546668010715,0,0,0
herrenhandschuhe bleiben,0.2250901536639048,0.05469824925482276,0.18406937229175224,0.2804542466503555,0.3710129606123241,0.33665522655103425,0.05469824925482276,0.39018633454153745,0.25895276467149,0.16525067663475965,0.28493560734602397,0.14548304556907898,0.16389402302366315,0.19845471686752014,0.23717651850538587,0.37919903301347224,0.004329920974345181,0.10939649850964552,0,0,0
städte metal hammer,0.12731004990157327,0.1361327193183653,0.2094324907377926,0.18214601024912883,0.445339802096219,0.34637015317137476,0.1361327193183653,0.22391733932969457,0.18628934770856376,0.060607887101451347,0.23926453216809065,0.12507395282325817,0.1979732632579586,0.2440567033781614,0.10428925289672142,0.21484287840147687,0.03558617585935055,0.019121043942390475,0,0,0
verschenken an weihnachten,0.37760618036275617,0.720484541956516,0.16744340063806895,0.31483122009653397,0.3918186437945485,0.3852966048473152,0.040791756885865824,0.3579969644949692,0.3815684348147116,0.22676265282289887,0.30158438078329586,0.402705965988713,0.29959993035897964,0.2671369971298693,0.271167681950505,0.12933316841362094,0.044080668901040544,0.14005129325825583,0,0,0
tageshoroskop newsletter horoskop,0.11305964344107149,0.0065827520303046675,0.4815229638025002,0.05121469856489623,0.19680771997907814,0.264669089826363,0.006564023879033178,0.3100853019888097,0.050080546261305446,0.15988652796134142,0.3510323181709478,0.18201550804196187,0.08783649094364855,0.7135674845089351,0.12702792361975157,0.4304279607997855,0.34690409150632684,0.013137529992452272,0,0,0
gesunde lebensmittel,0.1629731057310596,0.06135703987768992,0.10869494184092385,0.32043037628109006,0.23276637465454034,0.3825364859817075,0.06135703987768992,0.24544488806365247,0.2602881376412323,0.18407111963306977,0.2004537851170016,0.2241004435800616,0.14756387610039048,0.09096772363064734,0.17005198171861377,0.10993357075339492,0.00430103394319701,0.12271407975537985,0,0,0
raum schöne ferien,0.1409757564848118,0.009643948753708869,0.10540416122129406,0.13032203386435046,0.1848280689130398,0.18621707924358993,0.009643948753708869,0.7755402632056426,0.09528380321023129,0.08356437115106771,0.10724584675372581,0.0985858738379114,0.46902361906416185,0.15404518146692397,0.09377678190194161,0.06407474396034696,0.010910541703357745,0.019287897507417738,0,0,0
startseitemedizin gesundheit,0.07069686891538945,0.009311904540328507,0.061461937863530554,0.15985193288128466,0.2640356186130406,0.37043106792618785,0.009794676597653196,0.30022576691083236,0.10401853264301272,0.07117964097271415,0.15216535966390934,0.17384185396260768,0.06269682085839746,0.16568430404133075,0.1045895677234118,0.05329665329499459,0.009794676597653196,0.018623809080657014,0,0,0
entspannung sicher schwimmen,0.16288688053407097,0.0018706858642159132,0.090348726835398,0.13815436430829814,0.1332758788793661,0.0958436953958257,0.0018706858642159132,0.13486701562489195,0.1598463829771593,0.054642277295222606,0.1886783031025706,0.103650703320864,0.009353429321079566,0.024397031088154553,0.036211934170818236,0.027754790355172785,0.0018706858642159132,0.0037413717284318264,0,0,0
strasssteinen,0.14649415648392286,0.0036442756732433523,0.35980987409987436,0.13368122975225005,0.04036986765560659,0.260157585723598,0.0884050503634825,0.28883589514449565,0.1631553605253963,0.04747756368691961,0.11065486741210609,0.26270210847781594,0.520707522884542,0.29197137313426413,0.3394777613136291,0.4554647191060867,0.04018901234043291,0.007288551346486705,0,0,0
wasserflasche zur hand,0.23987909788248035,0.006448380456211058,0.23484846132819623,0.16687921946140838,0.11718057424265148,0.4204645754753029,0.013468082217710604,0.7958926829042715,0.2933045537861089,0.06320354231573622,0.310811013504316,0.14438196533604483,0.21420777856417825,0.33443428952086657,0.4772452822623665,0.22152942939427317,0.028123957748923255,0.12279184339942063,0,0,0
angststörungen sicher schwimmen,0.10628926783703556,0.050164765858753894,0.20306837358780247,0.25380369735353336,0.2567835654132972,0.30396846321228727,0.04864295069784876,0.3575954421175769,0.3358753792241248,0.6903232946857893,0.20509698439363824,0.15049429757626168,0.10708599069826673,0.06506410615757333,0.1107271887956582,0.6019132352073371,0.0029798680597638866,0.10032953171750779,0,0,0
verarbeitung personenbezogener daten,0.0025643649080246953,0.0003162133578577231,0.0041148690642897395,0.0019057432155028759,0.0034930892450394293,0.0022558088467867477,0.0003246764262142603,0.3510753839028645,0.001914206283859413,0.0009571031419297064,0.0031768758871817066,0.0022113096768954627,0.002852199460967446,0.0019311324205724875,0.004422619353790925,0.0028437363926109085,0.0003246764262142603,0.0006408897840719834,0,0,0
tina grüter,0.5021305816461412,0.08306037415750285,0.20934736257243292,0.4590944335490839,0.5565653977131726,0.4171237103975336,0.06270667763078758,0.47374195739437647,0.5983721559433328,0.16023677600274697,0.24656303811151264,0.19868090543224887,0.39999720903382746,0.4157641790185488,0.27946238614888225,0.07457257667973552,0.008535499425594013,0.15517497005961522,0,0,0
puffy logo-print vogue,0.5690804686138846,0.0032164318320029948,0.6713872883032344,0.019600803440802332,0.030267002569156584,1.0329618910670282,0.0033210916814484935,0.2642302566859828,0.1853329251997585,0.0522954101859647,0.24824555468099183,0.07051092865501328,0.20581596497158658,0.7734406314176363,0.26860748966301234,0.7598735510018635,0.0030805342197606843,0.0064328636640059896,0,0,0
äpfel,0.18735235112283521,0.05488626056959601,0.5571492410271663,0.29428639563047526,0.2892932361566338,0.34981109459669996,0.05488626056959601,0.43524920731429456,1.1902234610771631,0.16465878170878803,0.2103272345463594,0.15398875326897662,1.502552546668956,0.5770043338096617,0.6324854935978489,0.14421036341464263,0.026238396274138646,0.10977252113919202,0,0,0
herren-socken bleiben,0.07382498682729427,0.0871331392201425,0.21393634457513414,0.4445122178652779,0.6278377109754997,0.1429621931574463,0.0871331392201425,0.4388880276109521,0.480689644603119,0.19359718669048698,0.39533134464267683,0.02124088423897426,0.42120110853618137,0.16193375006885047,0.1934591613298158,0.04941831425374163,0.009060080210923142,0.174266278440285,0,0,0
herren flip-flops bleiben,0.37960515861021005,0.06572031583789699,0.7462870230006708,0.4427407334611023,0.4966867971076646,0.41245273107761327,0.01441558220865492,0.55331789615493,0.37409158716313295,0.21273009606883547,0.3452051178141186,0.1225008858685581,0.4583448876235866,0.7678787100729044,1.4695503847453992,0.7981213116999258,0.06854157166721893,0.1282485582522523,0,0,0
mal,0.08976718257839479,0.1051488392783675,0.2770454786440246,0.21627465199203522,0.28889189723226366,0.12645996450525024,0.0076036661197523645,0.6671122356984066,0.20969775746772085,0.14793534183503412,0.16939780041162736,0.027665939250513666,0.2874623132119558,0.3677443145472116,0.2318574734317428,0.31975178677828875,0.012345084687088167,0.05726157217497488,0,0,0
ebay gutscheine,0.007992993722077521,0.003996496861038761,0.05934514659912189,0.05434805251887467,0.13503658984385494,0.14969541141967435,0.034365568213680864,0.038475387332005534,0.07222390014734567,0.01747742912574068,0.02946691970885696,0.011989490583116283,0.06420975825004917,0.08538189350150635,0.04044279679410576,0.09074297921824666,0.00948443540366316,0.007992993722077521,0,0,0
kapuzenpullover,0.29456280018137204,0.06245604673396515,0.30404358506631357,0.5584561004807373,0.3825030109960237,0.37089181205571387,0.07350495287393231,0.27332567408281677,0.7902836565197948,0.2353511477776179,0.3457876812477494,0.1720904908068695,0.4036052463661717,0.6561127149607031,0.41936150619550233,0.2854300205079526,0.0952670731290571,0.03427967053600852,0,0,0
pia roberta seelowdie,0.040150124689363145,0.011873955271136312,0.14241227063746223,0.07341520236863507,0.07254344958798312,0.1894192527214749,0.014075421826340528,0.03968817849258625,0.070709916041518,0.08335815003028488,0.09525875870869985,0.012404596109785055,0.10755966303615715,0.05459477952476931,0.13435848296863917,0.028610435456298152,0.060572888961501,0.15502023278996307,0,0,0
selbstbewusste frauen,0.5246614607501667,0.26233073037508337,1.311653651875417,1.5739843822505004,1.836315112625584,1.836315112625584,0.26233073037508337,1.836315112625584,1.5739843822505004,0.7869921911252501,1.5739843822505004,0.5246614607501667,1.311653651875417,1.5739843822505004,1.311653651875417,1.311653651875417,0.26233073037508337,0.5246614607501667,0,0,0
baur,0.0071027655646324905,0.0035513827823162453,0.017756913911581226,0.02130829669389747,0.024859679476213717,0.024859679476213717,0.0035513827823162453,0.024875687254257185,0.02130829669389747,0.010654148346948736,0.02130829669389747,0.010654148346948736,0.017756913911581226,0.02130829669389747,0.02130829669389747,0.017756913911581226,0.0035513827823162453,0.0071027655646324905,0,0,0
otto gutscheine,0.09316942415819911,0.015744029091533874,0.06828595895171904,0.14077959777985902,0.09977401713478679,0.1102082036407371,0.015744029091533874,0.07870055179606447,0.06879780257761131,0.047232087274601625,0.1567811715718531,0.047232087274601625,0.07259785849873328,0.2943854785543478,0.0735958015373026,0.07872014545766937,0.015744029091533874,0.03148805818306775,0,0,0
online-juwelier bares geld,0.03595001600813294,0.01797500800406647,0.07638955240488571,0.10785004802439882,0.11233956841301863,0.12582505602846528,0.01797500800406647,0.1123822139434669,0.08087907279350552,0.05392502401219941,0.10785004802439882,0.05392502401219941,0.0494185771739924,0.09436456040895218,0.08087907279350552,0.08987504002033235,0.01797500800406647,0.03595001600813294,0,0,0
stromanbieter vergleich,0.1062301159667581,0.004589162286361334,0.023619435591338507,0.028208597877699842,0.03279776016406117,0.03212413600452934,0.004589162286361334,0.16752782823669357,0.027534973718168005,0.013767486859084,0.027534973718168005,0.013767486859084,0.023619435591338504,0.02820859787769984,0.13642868551200116,0.3116160328116968,0.004589162286361334,0.009178324572722668,0,0,0
white men clothes,0.006518338696191669,0.0,0.004888754022143752,0.008147923370239587,0.011407092718335423,0.008147923370239587,0.0,0.008147923370239587,0.009777508044287505,0.004888754022143752,0.008147923370239587,0.004888754022143752,0.006518338696191669,0.008147923370239587,0.006962593919941822,0.006518338696191669,0.0,0.0016295846740479172,0,0,0
tamera,0.2847223675728316,0.07821359662828203,0.42910343733871575,0.33727866583118626,0.3993169629887302,0.1629833827482966,0.004738123476302966,0.7538117928220704,0.5416519998790229,0.1666677222541321,0.2925987392670701,0.058304889924561384,0.25804082943066303,0.42911818726180767,0.3776035812894939,0.2859888502998677,0.004738123476302966,0.15535262312816667,0,0,0
rote bete suppe,0.1641325446924401,0.03410350457484986,0.7210496401487793,0.34138328415657426,0.4230511871170057,0.5920162899993129,0.055986888087915444,0.6469277370882471,1.2565936789753884,0.21640103064110522,0.40846609275056484,0.2789208690957837,1.684972389635014,0.6857343576109737,1.1012970064546757,0.13286475714875703,0.14819402149140548,0.06820700914969972,0,0,0
lea egerervon hella,0.0538762815914147,0.002597411605075188,0.1518421132503818,0.14086824022511465,0.16994837088342518,0.0041879985016579175,1.8925923688085952e-05,0.04435077437397159,0.020593926561897954,0.0167829534051178,0.023020873426225587,2.803407890077295e-05,0.19881457874812844,0.06838254822178087,0.10075276497076156,0.10924015606620298,0.0001297498706469542,0.06566409836414702,0,0,0
metal hammer dezemberausgabe,0.14949077774259004,0.4222881664358368,0.9085508571521289,1.792627536062727,2.5983690860313255,1.0774637584220899,0.4222881664358368,0.4039997453158816,1.5372489716560853,0.9049998502919644,1.4374272249770932,0.27142524141740865,0.36956581838362884,0.6042401741385484,0.6908492779454064,0.8577343822044284,0.09091199308493124,0.8445763328716736,0,0,0
kontakt,0.1862435007811054,0.006499280917709117,0.233225677872343,0.19088459341586558,0.09819665428766133,0.5210882890426078,0.0010999032184625945,0.1933113584885835,0.3010925157681255,0.17135187751170783,0.6081994565064209,0.5335325686156049,0.4596217073579502,0.14859724674988284,0.7721907990922586,0.4112321412033879,0.15831692877998726,0.012998561835418233,0,0,0
wacken open air,0.4852556445339159,0.05982524825563598,0.40454772041975273,0.6345636631392588,0.7294517061193149,0.9123603928558914,0.22821176792579795,1.0995959260268982,0.4600109312156815,0.19902418267042996,0.6537198766898027,0.28587598529043795,0.6491027456573508,0.9887806306216764,0.6610277027462759,1.0320479051998257,0.22821176792579795,0.1479886412918698,0,0,0
nudelholzes grob zerstoßen,0.16713313493084492,0.0769245280649949,0.4470959641745321,0.37353948978215656,0.7486604154191017,0.48474738463661493,0.11824676740647404,0.8097448947355399,0.9468922684790816,0.1203391660089774,0.7564349283688518,0.28480035002827636,0.38568705876949944,0.33512400884673954,0.43138795465177027,0.22347972338257135,0.12278228562359293,0.5355815323089306,0,0,0
langversion jahreshoroskop,0.10162937515349438,0.007060389171425995,0.08985220876651619,0.11639930621264541,0.1339593653790694,0.15907051461382055,0.023211364722569117,0.1542060363356431,0.10647349032791034,0.057842531777293975,0.09570924752904411,0.05688541233705925,0.04538905053467076,0.1374597013080526,0.09759398594251956,0.09596718116739517,0.017723377462180112,0.024455646677119608,0,0,0
aktuellen gutscheinen,0.4290141376970179,0.21450706884850895,1.0725353442425447,1.2870424130910536,1.5015494819395625,1.5015494819395625,0.21450706884850895,1.3568528262077328,1.2870424130910536,0.6435212065455269,1.2870424130910536,0.6435212065455269,1.0725353442425447,1.2870424130910536,1.2870424130910536,1.0725353442425447,0.21450706884850895,0.4290141376970179,0,0,0
starkes immunsystem,0.0292772051111816,0.0146386025555908,0.073193012777954,0.073193012777954,0.08783161533354479,0.08783161533354479,0.0,0.08783161533354479,0.08783161533354479,0.0292772051111816,0.073193012777954,0.0439158076667724,0.073193012777954,0.073193012777954,0.073193012777954,0.0585544102223632,0.0146386025555908,0.0292772051111816,0,0,0
one pot pasta,0.22757415282877322,0.011141046723966732,0.4196120829066347,0.12087247434856219,0.32056740245003157,0.14912307504357178,0.1670515548625335,0.521515692603779,0.7945865064905939,0.08304359054258162,0.15653726429538958,0.13713948786569358,1.0673719549375456,0.30873795150506284,0.5989958929664124,0.3907291988794913,0.019378900327187382,0.022282093447933464,0,0,0
media links kategorien,0.3441258183830569,0.15292196676997497,0.7344742555865348,0.6694321673716304,0.8872524808607004,0.9884175857663181,0.2718250226855089,0.6619898446645303,0.726097160932713,0.5047599006486369,0.8297427745524241,0.4032955141560024,0.5992289089967627,0.7980549926515823,0.7422155264851836,0.6906493189779781,0.15308910553819416,0.20969398033105613,0,0,0
kabellose,0.2104204123457229,0.0042801664264417935,0.7038270944038139,0.14888021401464008,0.4652078090879211,0.370752648802337,0.0042801664264417935,0.5534516768760029,0.1582946884722133,0.09084152886942001,0.46487747416026265,0.22680944741114142,0.17750568035368142,0.4338992954113779,0.5246727154192476,0.9551147620365467,0.06881991510672242,0.14347520333329086,0,0,0
unsvon lea egerermit,0.004997477505705346,0.0,0.031922951639319685,0.10460775648353669,0.23411554429921538,0.07028334104742681,0.0205960565857498,0.2524906529407987,0.01132308052221187,0.0205960565857498,0.16876383833193695,0.008491356758819398,0.04685174616692653,0.031919137107961675,0.14409648111513657,0.023427780349142273,0.002831723763392471,0.023427780349142273,0,0,0
unseren zahlreichen rezept-ideen,0.16522790334518558,0.05305259262105497,0.19372516414302704,0.3356112567926911,0.3617595122356764,0.16111609908273578,0.049787422234862426,0.30947169920832673,0.2595850731475343,0.07709387771308637,0.1501139163146106,0.03300654830437549,0.0970613236935556,0.32565550138016164,0.13911173354648543,0.2352088641515306,0.05305259262105497,0.022004365536250323,0,0,0
superdrys auswahl,0.0,0.06220315481514468,0.060390361798166335,0.0,0.06475554852560189,0.06475554852560189,0.0,0.04507640818213562,0.14808288285222942,0.0,0.0,0.0,0.0,0.06475554852560189,0.0,0.06220315481514468,0.0,0.0,0,0,0
tragen,0.23046292198510257,0.02040385262224957,0.9602769883337504,0.12242311573349743,0.2466572160848341,0.21551608213690734,0.02040385262224957,0.7082904637366443,0.09231390536862351,0.11488971287922059,0.43851005674172633,0.07153418460879553,0.20722321804147747,0.4386455748654135,0.9544534749253799,0.6743190047898644,0.00019936056137462657,0.04080770524449914,0,0,0
long distance calling,0.3441871896351646,0.1746986961689472,0.12752080318401002,0.9971509492735633,1.3173670758903517,0.5605196000304968,0.1746986961689472,0.3362478954940504,0.724839830582676,0.36017845221527806,0.64160947128706,0.101887756142002,0.4044584589471406,0.3122001868719425,0.574111487714265,0.6818532907731697,0.17690733017466911,0.3493973923378944,0,0,0
bares geld sparenunabhängig,0.0026970304263550095,0.0013485152131775047,0.006742576065887524,0.008091091279065028,0.009439606492242533,0.009439606492242533,0.0013485152131775047,0.0156593451170585,0.008091091279065028,0.004045545639532514,0.008091091279065028,0.004045545639532514,0.006742576065887524,0.008091091279065028,0.006742576065887524,0.006742576065887524,0.0013485152131775047,0.0026970304263550095,0,0,0
bares geld sparen,0.021602889782271612,0.010801444891135806,0.043205779564543224,0.06480866934681484,0.06480866934681484,0.07561011423795065,0.010801444891135806,0.06474115831003809,0.06480866934681484,0.03240433467340742,0.06480866934681484,0.03240433467340742,0.043205779564543224,0.06480866934681484,0.05400722445567903,0.05400722445567903,0.010801444891135806,0.021602889782271612,0,0,0
euer kostenloser kreditvergleich,0.1533841336244838,0.09084347762235072,0.2622059594082132,0.24293565830171238,0.20653801304458855,0.30625597860429593,0.011728718965808597,0.0872105001998665,0.21429670078629154,0.20237294299033148,0.1622481786380593,0.09890152332113653,0.23662445023058282,0.466069568160467,0.26183297647630915,0.555435706244261,0.014311550143596025,0.07773990906146017,0,0,0
startseitefamiliepartnerschaft und sexualität,0.07894405621146328,0.008722615005370136,0.04361307502685068,0.1846238800684629,0.16693757513607377,0.167377273621575,0.008722615005370136,0.11532546773209063,0.15820137602269277,0.07894405621146328,0.13236154381185866,0.10729707549684281,0.04361307502685068,0.05233569003222082,0.05233569003222082,0.034890460021480545,0.008722615005370136,0.03804865585674089,0,0,0
startseitemedizinmedizinwissen egal,0.015903570099375673,0.007951785049687837,0.18125939945195732,0.1641959761050966,0.2924743108615572,0.44782760397615906,0.008231696052858882,0.056947807640547035,0.2579304275220096,0.10137516745764333,0.28748940746651874,0.02385535514906351,0.16229962836525405,0.14200498372138215,0.17053132441811292,0.031807140198751346,0.008231696052858882,0.015903570099375673,0,0,0
östlichen horizont aufgeht,0.12396202977486126,0.015650212143423374,0.2607301634580512,0.1782640591108988,0.966629371117787,0.7576654797230886,0.015650212143423374,1.0538063625263427,1.8141159028986171,0.10750322478797522,1.1513469933783258,0.13131342268062865,3.484873187240046,1.2127834480776067,2.105401894020692,0.39285527037974843,0.1000129983937819,0.03130042428684675,0,0,0
rezepte vegane rezepte,0.15842429184654325,0.03771411928544999,0.1286644515718324,0.27032713470029784,0.19017418481340737,0.141270595646261,0.009520990602229698,0.16418126231657723,0.2181425821587343,0.08192707534994836,0.18766845175844618,0.08186765004298792,0.16893008750818628,0.2321808671120823,0.13308802369376496,0.15842499103020707,0.007894900943336568,0.07781292464977663,0,0,0
kaffeevollautomat,0.0017572176367590805,0.0008786088183795403,0.09026248740571133,0.10135175156378337,0.005271652910277242,0.16964141887183098,0.0008786088183795403,0.2943677730103501,0.005271652910277242,0.0026358264551386208,0.033940693074115305,0.037327086907555304,0.07998373618007956,0.07740556547910546,0.005271652910277242,0.10047314274540384,0.029547648982217605,0.0017572176367590805,0,0,0
natürliche verhütungsmethode,0.19255087317098218,0.062329068336694875,0.19811454133187972,0.37397441002016923,0.32277267800526954,0.4363034783568641,0.062329068336694875,0.3086721608750593,0.2888263097564733,0.18698720501008462,0.31720900984437195,0.18698720501008462,0.1697318412439811,0.21796039245046578,0.2604436096685746,0.2218440001573769,0.062329068336694875,0.12465813667338975,0,0,0
damenmode mit raffinesse,0.13177675338534384,0.06588837669267192,0.3874719417063399,0.47764785183833347,0.46121863684870334,0.32944188346335956,0.06588837669267192,0.4999100260649455,0.48025405369378593,0.19766513007801575,0.39533026015603145,0.17879343311952764,0.32944188346335956,0.39533026015603145,0.39533026015603145,0.32944188346335956,0.06588837669267192,0.13177675338534384,0,0,0
superdry,0.14545947479112503,0.0,0.0,0.062474406593005426,0.26313785389307875,0.0,0.0,0.0,0.1328890853959182,0.0,0.0,0.0,0.13809468887139148,0.10692847647285098,0.16026494249897677,0.06152008400344927,0.0,0.14545947479112503,0,0,0
positive change award,0.0,0.0,0.1821271396500081,0.0,0.0,0.06337079881613908,0.0,0.0,0.0,0.0,0.06355714859999688,0.06355714859999688,0.0,0.06355714859999688,0.0,0.0,0.0,0.0,0,0,0
horror vacui sweatshirt,4.5673045839895405e-05,0.0,0.0001141826145997385,6.850956875984311e-05,0.0001141826145997385,0.0001370191375196862,2.2836522919947702e-05,9.134609167979081e-05,0.0001141826145997385,2.2836522919947702e-05,0.0001141826145997385,6.850956875984311e-05,0.0001141826145997385,0.0001370191375196862,9.134609167979081e-05,6.850956875984311e-05,2.2836522919947702e-05,4.5673045839895405e-05,0,0,0
kleidung für herren,0.0,0.0,0.0,0.2616224499137324,0.2970118882966182,0.02898855470600174,0.0,0.3937865326034588,0.12911594613964975,0.0,0.23216628768491684,0.19142723262593406,0.19276540770700246,0.058092661482727063,0.19276540770700246,0.14584364407795503,0.0,0.0,0,0,0
übungen die helfen,0.08787722162379628,0.011331286569196916,0.05665643284598458,0.14999958763395307,0.12894645208257666,0.07931900598437842,0.011331286569196916,0.16503951080921692,0.11935261560590699,0.08362130580578898,0.12187063624890074,0.03399385970759075,0.05665643284598458,0.0679877194151815,0.0679877194151815,0.045325146276787666,0.011331286569196916,0.022662573138393833,0,0,0
abnehmen,0.23552185710923818,0.052117315754447585,1.2116053039798242,1.2920868403688204,2.4662283889871013,0.3952726282391063,1.0712337385585047,1.495856661400772,1.315108239804871,1.4307003014268864,1.2917516936457185,1.2353800749184596,0.2699746469910397,0.20689412679211683,0.36357653376493443,0.18365804460392038,0.010057388896257353,0.10423463150889517,0,0,0
sephora,0.0438048943945979,0.006179636070554865,0.025537587422597905,0.03707781642332919,0.043257452493884054,0.016454487843001943,0.006179636070554865,0.31261235201364534,0.03707781642332919,0.013178315281488173,0.08670558130986071,0.0024571294211353273,0.030898180352774328,0.03707781642332919,0.03171722349315277,0.1402744421933948,0.006179636070554865,0.01235927214110973,0,0,0
waaas,0.111322815965099,0.0,0.1879608319402317,0.2207322541082524,0.2019846006215514,0.3030788700174085,0.011102771164414148,0.34556125711082214,0.22823980983734496,0.057974108394714396,0.3355589592289212,0.12788077259374733,0.19878903831975395,0.18543086766581607,0.21672189084674848,0.24120606190231403,0.011102771164414148,0.08525384839583156,0,0,0
gesund essen kürbis,0.03680889798259736,0.01840444899129868,0.09202224495649339,0.11042669394779206,0.15208101357945839,0.12883114293909073,0.01840444899129868,0.12883114293909073,0.11042669394779206,0.05521334697389604,0.15976192855888555,0.05521334697389604,0.09202224495649339,0.11042669394779206,0.11042669394779206,0.07361779596519472,0.01840444899129868,0.03680889798259736,0,0,0
entdecke,0.060792743264827157,0.030396371632413578,0.15198185816206788,0.18388477434818923,0.30290792623962665,0.20774025016303868,0.030396371632413578,0.18237822979448146,0.18237822979448146,0.15879761400992579,0.2663217420224597,0.0724758670602932,0.13616513784041703,0.17846484898158727,0.24792456165080098,0.13672168961062364,0.030396371632413578,0.060792743264827157,0,0,0
e-mail,0.025204720247906896,0.012602360123953448,0.20872636927580104,0.0756141607437207,0.08821652086767415,0.0756141607437207,0.012602360123953448,0.07886900786837843,0.0756141607437207,0.03780708037186034,0.0756141607437207,0.03780708037186034,0.06301180061976724,0.0756141607437207,0.0756141607437207,0.35444093793183484,0.012602360123953448,0.025204720247906896,0,0,0
the pooh cares,0.205465163835164,0.009769227510973953,0.2795286941882119,0.1062554720234483,0.2113332324964245,0.18331154757846188,0.009769227510973953,0.33004308127932463,0.259770162195544,0.08002120700021961,0.25855562591646625,0.05314492516635454,0.21185861437884765,0.35530942942303395,0.3766770815666729,0.2747397413839871,0.05740933446857856,0.019538455021947905,0,0,0
inhalt teilenschwierigkeiteinfach eier,0.06247004757044392,0.03123502378522196,0.2025655586524758,0.18741014271133177,0.21864516649655374,0.21864516649655374,0.03123502378522196,0.18686217140019554,0.18741014271133177,0.09370507135566589,0.18741014271133177,0.09370507135566589,0.1561751189261098,0.18741014271133177,0.18741014271133177,0.1865488387724269,0.07762546351158796,0.06247004757044392,0,0,0
businessvon hella schneidervon,0.0003228655662526926,0.0,0.00039404659936727126,0.0005802816666301885,0.0006192199334000359,0.0006029456083081051,9.011909508993653e-05,0.0007053829068319369,0.00047442100446510205,0.0002774421054489377,0.0005467489056276591,0.0002834148884139906,0.00040462300446983954,0.00046997033833989847,0.00045093253031500786,0.00040732311727596115,7.900795590582219e-05,0.00016473578849274332,0,0,0
diy liegt voll,0.07311488520960692,0.0,0.00949219101999891,0.01139062922399869,0.29323236273561426,0.020161006566802503,0.001898438203999782,0.08918483109754169,0.07927390525578855,0.005695314611999346,0.1088575422855096,0.005695314611999346,0.15872253392170582,0.08918483109754169,0.10695910408150983,0.00949219101999891,0.001898438203999782,0.05556030624819555,0,0,0
vogue collection vogue,0.00022140046282838815,0.0,0.013238702652979707,0.006877651866456308,0.019821153902331495,0.03946285150002863,0.006508651095075659,0.013384301986435119,0.00044280092565677625,0.006656251403627918,0.019747353748055366,0.006656251403627919,0.013238702652979707,0.013312502807255835,0.026182204688854897,0.0068038517121801765,0.006508651095075659,0.006582451249351789,0,0,0
stricken,0.11402477538066305,0.07435060021406871,0.4781581431678155,0.5929755539498818,0.668867672393268,0.8519327236863288,0.057012387690331526,0.7137231078094436,0.3622386613424027,0.3246360952841135,0.631177916346747,0.19531465704685652,0.30031989445188556,0.4335862362162396,0.5099085094742086,0.617937222372456,0.17593489485597613,0.14870120042813742,0,0,0
angebote und neuigkeiten,0.14652883049346066,0.08399519990229984,0.2635535067706877,0.5572077462043884,0.24076903933826024,0.34161005984556997,0.02866255059033968,0.5396030778958881,0.2467488670015734,0.06588837669267192,0.5958042976119393,0.2078684829516768,0.319345659925239,0.7098121144236581,0.5850895647565045,0.6898247177232325,0.026936361622023872,0.13177675338534384,0,0,0
lebende fotografin anaïs,0.004978193883395742,0.0,0.002489096941697871,0.009956387766791483,0.004978193883395742,0.004978193883395742,0.0,0.002489096941697871,0.009956387766791483,0.007467290825093613,0.002489096941697871,0.002489096941697871,0.007467290825093613,0.004978193883395742,0.009956387766791483,0.007467290825093613,0.0,0.0,0,0,0
mood boost,0.02518223191400556,0.006296518063749595,0.11992722580868997,0.037779108382497574,0.13252026193618915,0.04407562644624717,0.09474115355369161,0.059066866426581675,0.04404962026701184,0.018889554191248784,0.03381386735588532,0.01259303612749919,0.03148259031874798,0.037779108382497574,0.03148259031874798,0.03148259031874798,0.006296518063749595,0.01259303612749919,0,0,0
sneaker für damen,0.0,0.0,0.0,0.06645447605303871,0.3382794987385476,0.5943878308511046,0.11214326590963661,0.38901728421863446,0.32256280816559574,0.0,0.2718250226855089,0.2718250226855089,0.06645447605303871,0.5436500453710178,0.0,0.0,0.0,0.0,0,0,0
überraschungen bereithält,0.19603804190919752,0.0009672295605633179,0.2642785835296394,0.0057784042013861595,0.006757814489772298,0.11807764194511017,0.0609883403336368,0.10279242999925692,0.005778404201386159,0.07017500074156854,0.12370020479405407,0.11422151613702783,0.07210945986269518,0.3613303749236749,0.309292328485662,0.39882520764939655,0.11228705701590119,0.0019344591211266358,0,0,0
fashion week new,0.0038494469289627273,0.0015490617200806002,0.0023581736926172347,0.28806485470019905,0.11639967106555099,0.01690870466272799,0.0029852905082503414,0.004777313947639077,0.15685095727101406,0.0726748190088841,0.00217023751333864,0.006713491651779806,0.06876897513446006,0.13319667221629805,0.10609322917502242,0.2661886144515712,2.9247140146408245e-05,5.849428029281649e-05,0,0,0
gabbana alta moda,0.0003930034434553336,0.0001965017217276668,0.00907921400934746,0.0011449975918311711,0.0514674114572503,0.11740571386988,0.0001965017217276668,0.1351530141683081,0.0011790103303660007,0.0005895051651830005,0.04267293621333633,0.004606093880697675,0.000982508608638334,0.0011790103303660007,0.0011790103303660007,0.000982508608638334,0.0001965017217276668,0.0003930034434553336,0,0,0
welt der beauty,0.4064104390672696,0.17244064647761792,0.6878946765034907,0.4331734946179446,0.2513099065787582,0.38363241956172767,0.21106105658227142,0.08319834156814139,0.49727692535081414,0.25681903879097806,0.23074658624458194,0.33132225686627936,0.36261183612143294,0.6179394951260453,0.2861278584984557,0.21604706800992024,0.15183107225774384,0.1944404939507899,0,0,0
startseitefamiliefamilienlebenfünf gründe,0.02157583706939052,0.01078791853469526,0.14905832875339123,0.11228687924812902,0.15984624728808652,0.3785275423414838,0.01078791853469526,0.21371839112652696,0.37941828495186947,0.5266543908044855,0.15984624728808652,0.06913520510934798,0.10149896071343378,0.10149896071343378,0.17875664916518452,0.03236375560408578,0.01078791853469526,0.02157583706939052,0,0,0
wolfe herd,0.0,0.0,0.011350487642584952,0.002837621910646238,0.011350487642584952,0.01702573146387743,0.002837621910646238,0.011808410039625045,0.005675243821292476,0.002837621910646238,0.011350487642584952,0.005675243821292476,0.008512865731938714,0.0727833681028854,0.011350487642584952,0.005675243821292476,0.002837621910646238,0.002837621910646238,0,0,0
himmel hochvon alexandra,0.02462205519961251,0.0,0.010320442007823453,0.028591660217979546,0.01683836001199471,0.024070037084809336,0.00688415006041516,0.025933973788672578,0.023908296130969144,0.014823360097149223,0.02443626914105324,0.002200785973404761,0.02911963322806364,0.018169872067639842,0.017989426069955215,0.02329054314396738,0.0015830329864029958,0.01376830012083032,0,0,0
mental load,0.0013311040918939992,0.0013311040918939992,0.005324416367575997,0.0026622081837879984,0.005324416367575997,0.006655520459469996,0.0013311040918939992,0.0055173558572179805,0.003993312275681998,0.0013311040918939992,0.006655520459469996,0.003993312275681998,0.006655520459469996,0.005324416367575997,0.12369896299668025,0.005134622985536403,0.0013311040918939992,0.0026622081837879984,0,0,0
mieten kanntrend-reiseziel comporta,0.0017716238110590486,0.0008858119055295243,0.006132038455854598,0.007017850361384122,0.007437229024505943,0.00720401240330209,0.0028220074549403533,0.0074372290245059425,0.005081654811973293,0.002424219095384721,0.006551417118976418,0.004360414644795549,0.00419584290644377,0.0065514171189764185,0.007017850361384122,0.003962626285239917,0.0028220074549403533,0.0017716238110590486,0,0,0
rené scheibenbauers frühjahr,0.011561281765194813,0.0,0.023122563530389627,0.005780640882597407,0.023122563530389627,0.04953575118844434,0.005780640882597407,0.023122563530389627,0.023122563530389627,0.005780640882597407,0.023122563530389627,0.01734192264779222,0.0218841618958127,0.028903204412987035,0.01235823704225569,0.011561281765194813,0.005780640882597407,0.011561281765194813,0,0,0
gas preisvergleich,0.02094049085488162,0.01047024542744081,0.04188098170976324,0.06282147256464486,0.06282147256464486,0.09103792557107966,0.01047024542744081,0.07009743471619805,0.06282147256464486,0.03141073628232243,0.06282147256464486,0.03141073628232243,0.05235122713720405,0.06282147256464486,0.05235122713720405,0.07009743471619805,0.01047024542744081,0.02094049085488162,0,0,0
klassischen deutschen haushalten,0.0028699182347501125,0.0014349591173750563,0.007174795586875281,0.008609754704250338,0.010044713821625393,0.010044713821625393,0.0014349591173750563,0.010044713821625393,0.008609754704250338,0.004304877352125169,0.008609754704250338,0.004304877352125169,0.007174795586875281,0.07608116636368914,0.007174795586875281,0.007174795586875281,0.0014349591173750563,0.0028699182347501125,0,0,0
kultur und reiseziele,0.004573059961672513,0.0,0.011432649904181283,0.01371917988501754,0.040402526383807535,0.0160057098658538,0.0022865299808362567,0.01371917988501754,0.01371917988501754,0.00685958994250877,0.01371917988501754,0.00685958994250877,0.011432649904181283,0.1290783131887412,0.011432649904181283,0.011432649904181283,0.0022865299808362567,0.004573059961672513,0,0,0
älterer ausgaben,0.14326484391999433,0.04343038583330203,0.21715192916651016,0.3733904595065927,0.3890515518642919,0.41682084533989483,0.04343038583330203,0.4704108923063968,0.3733904595065927,0.18669522975329636,0.3169863872532025,0.1302911574999061,0.21715192916651016,0.31698638725320244,0.2605823149998122,0.3299600736732907,0.04343038583330203,0.08686077166660407,0,0,0
metal hammer paradise,0.08253018710182922,0.0015903148665791199,0.08412050196840834,0.028483034270113748,0.011031117227814682,0.12538559551932296,0.0015903148665791199,0.0832083456346268,0.00954188919947472,0.02361100283213723,0.06666858492610928,0.06189764032637191,0.026993806241773784,0.08571081683498746,0.06646641124963096,0.10316273387728653,0.020632546775457304,0.0031806297331582398,0,0,0
reisen und wohnen,0.007248905623631026,0.0,0.018122264059077565,0.02174671687089308,0.025371169682708593,0.025371169682708593,0.003624452811815513,0.02174671687089308,0.02174671687089308,0.01087335843544654,0.02174671687089308,0.01087335843544654,0.018122264059077565,0.02174671687089308,0.018122264059077565,0.018122264059077565,0.003624452811815513,0.007248905623631026,0,0,0
vogue.dedie fotografinnen lottermann,0.001839250253147665,0.0,0.002452333670863553,0.0030654170885794415,0.004291583924011218,0.00367850050629533,0.0,0.004144626333639942,0.00367850050629533,0.001839250253147665,0.0030654170885794415,0.001839250253147665,0.002452333670863553,0.00367850050629533,0.0030654170885794415,0.0030654170885794415,0.0006130834177158883,0.0006130834177158883,0,0,0
eis.de,0.013685436788864932,0.006842718394432466,0.027370873577729864,0.041056310366594795,0.041056310366594795,0.04789902876102726,0.006842718394432466,0.040975773449068324,0.041056310366594795,0.020528155183297397,0.041056310366594795,0.020528155183297397,0.027370873577729864,0.041056310366594795,0.03421359197216233,0.03421359197216233,0.006842718394432466,0.013685436788864932,0,0,0
galeria,0.008811456982432736,0.004405728491216368,0.017622913964865473,0.026434370947298207,0.026434370947298207,0.030840099438514575,0.004405728491216368,0.02640982704677409,0.02202864245608184,0.013217185473649105,0.026434370947298207,0.013217185473649105,0.017622913964865473,0.026434370947298207,0.02202864245608184,0.02202864245608184,0.004405728491216368,0.008811456982432736,0,0,0
nike,0.010065266771461634,0.005032633385730817,0.020130533542923268,0.030195800314384902,0.030195800314384902,0.03522843370011572,0.005032633385730817,0.030269306388406574,0.030195800314384902,0.015097900157192451,0.030195800314384902,0.015097900157192451,0.020130533542923268,0.030195800314384902,0.025163166928654085,0.025163166928654085,0.005032633385730817,0.010065266771461634,0,0,0
sports,0.007630467085129261,0.0038152335425646307,0.015260934170258523,0.022891401255387783,0.022891401255387783,0.026706634797952412,0.0038152335425646307,0.022823907471665263,0.022891401255387783,0.011445700627693893,0.022891401255387783,0.011445700627693893,0.015260934170258523,0.022891401255387783,0.019076167712823153,0.019076167712823153,0.0038152335425646307,0.007630467085129261,0,0,0
galaxus,0.010969115347756509,0.0054845576738782546,0.021938230695513018,0.032907346043269524,0.032907346043269524,0.03839190371714778,0.0054845576738782546,0.03291203218632517,0.032907346043269524,0.016453673021634765,0.032907346043269524,0.016453673021634765,0.021938230695513018,0.032907346043269524,0.02742278836939127,0.02742278836939127,0.0054845576738782546,0.010969115347756509,0,0,0
haushalt outdoor sport,0.03762619474812884,0.01881309737406442,0.07525238949625768,0.11287858424438652,0.11287858424438652,0.13169168161845093,0.01881309737406442,0.11287858424438652,0.11287858424438652,0.05643929212219326,0.11287858424438652,0.05643929212219326,0.0940654868703221,0.11287858424438652,0.0940654868703221,0.0940654868703221,0.01881309737406442,0.03762619474812884,0,0,0
med. sarah bechstein,0.0018099082333712564,0.0009049541166856282,0.004524770583428141,0.005429724700113769,0.006334678816799398,0.006334678816799398,0.0009049541166856282,0.006334678816799398,0.005429724700113769,0.0027148623500568847,0.005429724700113769,0.0018099082333712564,0.004524770583428141,0.005429724700113769,0.004524770583428141,0.004524770583428141,0.0009049541166856282,0.0018099082333712564,0,0,0
lasst uns zuversichtlich,0.016529901436346226,0.008264950718173113,0.041324753590865564,0.049589704309038675,0.057854655027211786,0.057854655027211786,0.008264950718173113,0.057854655027211786,0.049589704309038675,0.02479485215451934,0.049589704309038675,0.016529901436346226,0.041324753590865564,0.049589704309038675,0.041324753590865564,0.041324753590865564,0.008264950718173113,0.016529901436346226,0,0,0
wenigen schritten fischgrätenzopf,0.06417836289649481,0.0069701014244104974,0.034968785979590467,0.04133741774405031,0.04897147469453511,0.048186942420768784,0.006941400771111471,0.04050725029737682,0.04138995838638478,0.039568907613586085,0.0417452693801618,0.021229828823249444,0.040571872509523155,0.04173253780849344,0.034956573752796496,0.03384468606904148,0.006848334294163405,0.027084964798642756,0,0,0
plaid leichte maschen,0.0036633430132910387,0.001825805168478473,0.011542942899465024,0.011140288372927224,0.012810163810359806,0.015250543347200909,0.0018804189366482503,0.010940469987102849,0.010996271781416983,0.009844222302182565,0.011107052826664472,0.005556392016004536,0.009165811142479049,0.010999335185373214,0.011116234420789513,0.009150011039778819,0.0018331718633872287,0.003678177738860795,0,0,0
shop-übersicht folgende gutscheine,0.07061659145660423,0.035308295728302116,0.1765414786415106,0.21184977436981273,0.24715807009811486,0.24715807009811486,0.035308295728302116,0.24715807009811486,0.21184977436981273,0.10592488718490635,0.21184977436981273,0.10592488718490635,0.1765414786415106,0.21184977436981273,0.21184977436981273,0.1765414786415106,0.035308295728302116,0.07061659145660423,0,0,0
zitroniges hühnersüppchen omelett,0.0038869877406939816,0.0012967420961237253,0.005162853447257676,0.007907358454544976,0.008980105675598076,0.007784740857061446,0.0013275754426844125,0.007707595027311564,0.007787775840646607,0.003930810846707438,0.007859369777947937,0.003917177302568124,0.006489427445292437,0.00777981870589211,0.007845691997017361,0.006451126345081515,0.00126608575628378,0.0025983848463970306,0,0,0
verbindung ihre privatsphäre,0.017259455690649825,0.0,0.0,0.05333188713031167,0.017259455690649825,0.03607243143966185,0.0,0.0,0.06914544295936104,0.05177836707194948,0.0,0.0,0.020073024426359453,0.020073024426359453,0.05177836707194948,0.03451891138129965,0.0,0.0,0,0,0
schönsten looks frisuren,0.07012977816602149,0.021511653127020552,0.07733775936954262,0.08936666954034023,0.08599628344176456,0.08593080220750451,0.01660965101185643,0.037027471379217844,0.09208526517997687,0.04966733308193616,0.09203225996173754,0.05293830770274116,0.06788353160779569,0.09260182261979388,0.08213272043373435,0.08909460600714703,0.013171938434950646,0.03656954380027135,0,0,0
journalistin thị minh,0.020382165748858573,0.0,0.010191082874429287,0.05095541437214643,0.03057324862328786,0.020382165748858573,0.0,0.03057324862328786,0.03156222905828705,0.03057324862328786,0.020382165748858573,0.0,0.020382165748858573,0.020382165748858573,0.040764331497717146,0.03057324862328786,0.0,0.0,0,0,0
vergleichsportalhaushaltsprodukteproduktvergleichotto gutscheineebay gutscheinebaur,0.003311758749599072,0.0018014931846539234,0.016840600400591543,0.010080890058651605,0.012309152450523877,0.010493473269000573,0.0019951163084761673,0.010355945532217583,0.010080890058651605,0.005256308660960617,0.010903888001140664,0.005250779671035985,0.008533122723937392,0.010550796350354169,0.00841692461078067,0.008761343866461348,0.0019318406344301605,0.003311758749599072,0,0,0
paar damenschuhen,0.0,0.0,0.0,0.0,0.17638033785194088,0.0,0.0,0.0,0.04651402622214669,0.0,0.04914695853625523,0.0,0.04651402622214669,0.0,0.09829391707251046,0.0,0.0,0.0,0,0,0
shop hier bekommst,0.9880768004131262,0.4940384002065631,2.4701920010328156,2.4701920010328156,2.9642304012393788,2.4701920010328156,0.0,3.458268801445942,2.9642304012393788,1.4821152006196892,1.9761536008262524,1.4821152006196892,2.4701920010328156,2.9642304012393788,2.4701920010328156,2.4701920010328156,0.0,0.9880768004131262,0,0,0
starte rechtzeitig,0.06491654768582558,0.03245827384291279,0.12983309537165116,0.16229136921456394,0.09737482152873837,0.09737482152873837,0.03245827384291279,0.09737482152873837,0.16229136921456394,0.09737482152873837,0.12983309537165116,0.06491654768582558,0.16229136921456394,0.06491654768582558,0.16229136921456394,0.09737482152873837,0.03245827384291279,0.06491654768582558,0,0,0
tech neck,0.01909921363663709,0.0,0.04777235184959437,0.028660979333956456,0.04647225614768771,0.05604780432160336,0.009561765697319367,0.038228854627024474,0.046461720866282356,0.009561765697319367,0.04777235184959437,0.027362507229645262,0.04777235184959437,0.0573097997889121,0.038222745031275825,0.028660979333956456,0.009561765697319367,0.019111372515637912,0,0,0
spiele bribubble schießt,0.39858998640725585,0.19929499320362792,0.5978849796108838,1.1975610021439216,1.1975610021439216,1.1975610021439216,0.0,1.2011430879882299,1.1975610021439216,0.39858998640725585,0.9982660089402937,0.5978849796108838,0.7971799728145117,0.9964749660181396,0.7971799728145117,0.7989710157366658,0.0,0.39858998640725585,0,0,0
wundergewürz,0.0,0.0,0.060097788281966845,0.060097788281966845,0.18029336484590053,0.24039115312786738,0.060097788281966845,0.23947220471937658,0.0,0.060097788281966845,0.24039115312786738,0.060097788281966845,0.060097788281966845,0.18029336484590053,0.060097788281966845,0.060097788281966845,0.060097788281966845,0.0,0,0,0
bss deutsche pflegeallianz,0.0,0.0,0.0030657944050744308,0.1631919826764684,0.0061315888101488615,0.007664486012686077,0.0015328972025372154,0.005614867325952732,0.0015328972025372154,0.0015328972025372154,0.0061315888101488615,0.0015328972025372154,0.0015328972025372154,0.004598691607611646,0.0030657944050744308,0.0015328972025372154,0.0015328972025372154,0.0,0,0,0
fotos und videos,0.1488936322670547,0.07444681613352735,0.3704563980859251,0.4466808968011641,0.46614633312089493,0.48511268674413544,0.07444681613352735,0.4579243468365067,0.4163917674133183,0.1902311609065346,0.42262392961773154,0.22334044840058206,0.2977872645341094,0.47778681706721055,0.3401912299080342,0.33664050382912303,0.07444681613352735,0.1488936322670547,0,0,0
zahn laut horoskop,0.012528220422730588,0.0,0.015764352756325747,0.00981901802601616,0.012069634472702422,0.042801945311698585,0.0024468129419860786,0.08762425221996685,0.01483177469817838,0.00792131647877601,0.024369997869547647,0.03323280074088772,0.040427829864643564,0.014676132021420783,0.01338606790459395,0.02352756175593035,0.0036151837146024936,0.0,0,0,0
thema body positivitybuch-tipp,0.002403695931574467,0.0012018479657872334,0.0060092398289361675,0.007211087794723401,0.008412935760510635,0.007211087794723401,0.0012018479657872334,0.008412935760510635,0.007211087794723401,0.0036055438973617003,0.007211087794723401,0.0036055438973617003,0.0060092398289361675,0.007211087794723401,0.007211087794723401,0.0060092398289361675,0.0012018479657872334,0.002403695931574467,0,0,0
brigitte academy,0.0002909462431658574,8.656606527154343e-05,0.00027211181223475164,0.00037982346480054874,0.0003582044080201797,0.00044693628896628763,3.670947541100954e-05,0.0003922678463400834,0.00037099742259232894,0.0001370612197348124,0.0002850548160824276,6.456792379317204e-05,0.00031652641675344135,0.0003325993274766672,0.0002840523603812591,0.0003006737323648116,6.037860189256071e-05,0.00012184421625781891,0.0,0.0,0
